5588.943503,1.04E+09,7.14E+09,5109210.35,8722792.972,0,0,25.32768362,7466719.209,727530,177,94.47457627,202.2655367,0.288135593,304498.4802,2.463276836,66.01129944,27.94350282,66.99435028,4183828.927,90.73446328,1.12E+09,182890.8418,117397.2316,application_1564825408364_0025,1850772
2949.819209,1.10E+09,7.14E+09,2061672.831,3364332.328,0,0,25.63276836,7943815.655,728875,177,129.5254237,202.8644068,0.378531073,304497.9661,2.474576271,76.02824859,17.89830508,87.75141243,1820026.593,90.74576271,8.09E+08,182891.8305,117398.6554,application_1564825408364_0146,1483765
1610.084746,1.04E+09,7.14E+09,5152617.853,8722792.972,4041016.407,1523152.915,14.36723164,5408075.859,758448,177,46.47457627,202.7627119,0.096045198,304498.4802,2.468926554,47.35028249,50.20338983,11.79096045,3359156.565,90.79661017,3.87E+08,182890.8418,117397.2373,application_1564825408364_0235,1260276
15985.62712,1.09E+09,7.14E+09,5085347.028,8722244.61,0,0,137.2824859,1.05E+07,730146,177,227.6497175,202.8418079,0.621468927,304496.0113,2.474576271,82.85875706,10.73446328,2067.468927,4774272.384,90.70621469,2.21E+09,182878.9492,117384.6045,application_1564825408364_0290,2836596
1901.824859,1.11E+09,7.14E+09,2050235.311,3335632.056,5205483.751,5690965.175,14.38983051,5355461.757,760303,177,71.54237288,202.6949153,0.079096045,304498.4802,2.468926554,42.76836158,51.50282486,13.41242938,1337341.621,90.74576271,2.62E+08,182890.8418,117397.2373,application_1564825408364_0451,1251664
1296.502825,7.40E+08,7.14E+09,2102854.407,3532797.814,0,0,11.93785311,6160641.333,757101,177,19.13559322,202.2429379,0.169491525,304498.4802,2.468926554,64.77966102,28.57627119,1.875706215,1722654.017,90.70621469,3.76E+08,182890.8418,117397.2373,application_1564825408364_0522,1640774
2070.785311,9.96E+08,7.14E+09,5136930.983,8722577.04,2573676.475,2440764.429,17.78531073,5946341.379,727189,177,50.81920904,202.1299435,0.056497175,304496.4181,2.463276836,47.81920904,50.10734463,24.18079096,3379311.232,90.7740113,3.97E+08,182887.7571,117390.9379,application_1564825408364_0593,1400988
1293.99435,6.77E+08,7.14E+09,5126569.763,8722792.972,0,0,13.92090395,5229389.401,728504,177,30.46327684,202.6836158,0.175141243,304498.4802,2.468926554,48.73446328,48.98305085,9.706214689,3482173.65,90.77966102,2.87E+08,182890.8418,117397.2373,application_1564825408364_0685,1450678
29233.88136,1.17E+09,7.14E+09,2038132.65,3334428.006,3466002.802,1322667.056,96.96610169,1.03E+07,760498,177,496.5706215,202.2146893,0.361581921,304497.5198,2.468926554,87.5819209,6.13559322,2723.875706,1966439.401,90.69491525,4.10E+09,182887.5989,117399.6158,application_1564825408364_0797,2686813
810.5028249,6.49E+08,7.14E+09,2121164.966,3470984.277,0,0,5.468926554,3835954.102,755488,177,7.830508475,202.7062147,0.11299435,304498.4802,2.468926554,47.08474576,48.82485876,1.451977401,1436017.395,90.79661017,9.42E+07,182890.8418,117397.2373,application_1564825408364_0959,2769073
15545.34463,1.08E+09,7.14E+09,5095047.096,8722792.972,2940974.282,1004586.825,72.83050847,7952059.734,729595,177,205.4858757,202.3446328,0.389830508,304498.4802,2.468926554,74.7740113,20.06214689,333.1412429,4547910.554,90.72316384,2.05E+09,182890.8418,117397.2373,application_1564825408364_1120,2945778
1077.435028,6.44E+08,7.14E+09,5125081.107,8722760.814,0,0,6.84180791,4127099.571,755278,177,11.18644068,202.6949153,0.084745763,304498.4802,2.468926554,46.33333333,50.24858757,5.90960452,3300674.305,90.7740113,3.07E+08,182890.6102,117392.339,application_1564825408364_1283,1876294
16130.14124,1.11E+09,7.14E+09,2037245.932,3423780.808,2188235.932,1879056.678,79.55367232,9558713.48,731131,177,345.7118644,202.2146893,0.683615819,304498.4802,2.468926554,80.77966102,13.40112994,305.7740113,1904036.898,90.71751412,2.28E+09,182890.8418,117397.2373,application_1564825408364_1425,2187612
1011.011299,7.31E+08,7.14E+09,2061226.107,3342264.169,0,0,14.17514124,5493091.141,726816,177,22.66666667,202.6836158,0.101694915,304498.4802,2.468926554,46.38418079,48.74011299,6.084745763,1357876.294,90.8079096,1.86E+08,182890.8418,117397.2373,application_1564825408364_1560,1203967
12106.35028,1.11E+09,7.14E+09,5084738.192,8722079.774,4420162.531,5090228.294,48.59887006,5948490.785,759976,177,221.700565,202.4293785,0.141242938,304493.2147,2.468926554,72.46892655,26.49152542,487.8870056,4397486.531,90.71751412,1.40E+09,182873.1921,117406.1751,application_1564825408364_1652,2351786
1177.169492,9.01E+08,7.14E+09,2120919.61,3470932.949,0,0,14.54237288,5633999.825,728642,177,73.14124294,202.7570621,0.124293785,304498.4802,2.468926554,45.30508475,49.74576271,9.587570621,1412068.593,90.79661017,1.72E+08,182889.3107,117392.7401,application_1564825408364_1808,1274359
11699.0791,1.11E+09,7.14E+09,5088460.836,8722792.972,3768134.87,4244610.441,28.55367232,6465060.768,759121,177,166.1355932,202.2881356,0.175141243,304498.4802,2.468926554,66.66666667,28.4180791,215.0734463,4198558.237,90.72316384,1.48E+09,182890.8418,117397.2373,application_1564825408364_1894,2235246
1050.819209,6.51E+08,7.14E+09,5213372.339,8722792.972,0,0,7.06779661,4029953.198,755437,177,10.63276836,202.7514124,0.073446328,304498.4802,2.468926554,43.31638418,50.06214689,4.587570621,3173326.576,90.8700565,2.77E+08,182890.8418,117397.2373,application_1564825408364_2043,1856303
20208.36723,1.18E+09,7.14E+09,2096316.774,3469332.384,2828415.277,3102495.412,66.00564972,9324663.825,730123,177,534.2259887,202.2768362,0.389830508,304488.7401,2.468926554,83.96045198,11.46327684,513.6836158,1983400.763,90.70056497,1.97E+09,182860.3672,117362.3503,application_1564825408364_2188,2663085
879.259887,6.37E+08,7.14E+09,2047399.864,3433648.554,0,0,6.774011299,4061638.486,755859,177,12.67231638,202.1412429,0.09039548,304498.4802,2.463276836,44.28813559,52.29378531,1.638418079,1371136.78,90.78531073,1.52E+08,182890.8418,117397.2316,application_1564825408364_2315,2093919
6510.40678,1.07E+09,7.14E+09,5095199.051,8722697.808,1803165.65,592591.8249,24.11864407,7290377.785,730175,177,65.78531073,202.8700565,0.338983051,304497.7006,2.474576271,65.94915254,28.24858757,14.88700565,4095230.802,90.72881356,1.06E+09,182889.9096,117396.9266,application_1564825408364_2437,1802735
1117.163842,6.68E+08,7.14E+09,5173463.955,8722792.859,0,0,13.63841808,5264937.831,726591,177,16.48587571,202.7514124,0.107344633,304498.4802,2.468926554,39.37853107,54.15254237,7.836158192,3290336.249,90.81920904,3.03E+08,182890.8362,117397.209,application_1564825408364_2549,1498466
4287.242938,1.18E+09,7.14E+09,2033424.661,3321470.808,4596776.497,1783182.356,36.42937853,7120639.169,761232,177,329.1525424,202.8079096,0.248587571,304498.4802,2.474576271,75.24293785,18.8079096,25.5480226,1809578.503,90.72316384,1.11E+09,182890.8418,117397.2429,application_1564825408364_2600,1386846
2042.101695,1.07E+09,7.14E+09,2047066.124,3426137.814,0,0,17.4180791,7299445.797,757498,177,73.57062147,202.1977401,0.186440678,304498.4802,2.468926554,75.38983051,18.78531073,7.971751412,1808939.153,90.75141243,6.38E+08,182891.6215,117398.1921,application_1564825408364_2652,1455447
1416.768362,1.01E+09,7.14E+09,5131815.932,8722792.972,2964670.915,3146073.876,16.98870056,5724834.339,729191,177,54.29943503,202.7231638,0.084745763,304498.4802,2.468926554,45.56497175,50.8079096,9.15819209,3273762.802,90.7740113,2.88E+08,182890.8418,117397.2373,application_1564825408364_2712,1261569
41862.10169,1.06E+09,7.14E+09,5085622.689,8722792.972,0,0,147.8474576,1.38E+07,729557,177,910.079096,202.2372881,0.84180791,304498.4802,2.468926554,88.09039548,5.615819209,3575.581921,4886533.062,90.70621469,6.68E+09,182890.8418,117397.2373,application_1564825408364_2777,4230595
10583.14124,1.18E+09,7.14E+09,2109346.864,3468379.435,3961410.531,4368586.757,26.46892655,5978954.825,759339,177,203.7966102,202.1920904,0.15819209,304492.4237,2.468926554,70.83050847,25.88135593,40.72316384,1839045.373,90.74576271,8.17E+08,182870.4237,117373.8588,application_1564825408364_2984,1859589
1742.960452,1.02E+09,7.14E+09,2056548.514,3340691.407,0,0,17.71186441,6841318.119,729676,177,32.75706215,202.779661,0.327683616,304498.4802,2.468926554,63.74576271,28.88700565,10.54237288,1637727.243,90.76836158,5.21E+08,182890.8418,117397.2373,application_1564825408364_3078,1485605
1739.519774,1.08E+09,7.14E+09,5110666.915,8722855.706,4591963.119,1940603.87,13.94350282,5404217.475,759821,177,63.42372881,202.7966102,0.118644068,304498.4802,2.468926554,49.08474576,49.13559322,12.14124294,3511020.972,90.74011299,4.35E+08,182889.7345,117395.4689,application_1564825408364_3161,1210906
3154.502825,1.06E+09,7.14E+09,5074185.446,8722768.52,0,0,24.84180791,9276353.175,757591,177,39.11299435,202.3107345,0.344632768,304497.9322,2.468926554,81.51977401,11.03954802,19.41242938,4703913.198,90.70056497,9.11E+08,182890.2768,117397.2373,application_1564825408364_3221,1632482
1181.79661,9.00E+08,7.14E+09,2030902.638,3405529.328,1732075.751,604032.5593,14.79661017,5469239.384,728369,177,41.12429379,202.7231638,0.15819209,304498.4802,2.468926554,46.64971751,49.57062147,5.847457627,1336646.017,90.74576271,1.93E+08,182890.8418,117397.2373,application_1564825408364_3288,1254870
1865.59322,1.10E+09,7.14E+09,2116869.486,3470952.288,3708893.288,1463250.373,18.43502825,7126701.576,729387,177,53.40677966,202.8474576,0.141242938,304498.4802,2.474576271,67.09039548,27.39548023,3.700564972,1747321.362,90.76271186,5.38E+08,182890.8418,117397.2429,application_1564825408364_3333,1541069
1418.067797,1.01E+09,7.14E+09,5088872,8722760.972,0,0,13.05649718,5312602.034,756672,177,62.33898305,202.7344633,0.11299435,304498.4802,2.468926554,44.16384181,51.81920904,12.94350282,3236797.582,90.74576271,2.81E+08,182890.6158,117396.9887,application_1564825408364_3381,1152211
2997.694915,1.06E+09,7.14E+09,5070344.068,8722234.373,0,0,23.6440678,9361054.65,757639,177,46.68926554,202.3163842,0.401129944,304496.8701,2.468926554,83.55367232,10.18079096,9.824858757,4760373.446,90.70621469,7.12E+08,182880.5367,117387.8362,application_1564825408364_3450,1496506
1214.265537,9.07E+08,7.14E+09,2118100.65,3471030.661,0,0,15.07344633,5584568.266,729045,177,47.20903955,202.7231638,0.11299435,304498.4802,2.468926554,45.19774011,50.5480226,5.971751412,1341805.26,90.78531073,2.28E+08,182890.8418,117397.2373,application_1564825408364_3510,1316935
1266.474576,7.57E+08,7.14E+09,2056469.966,3359828.017,1376626.26,1452630.034,13.15254237,5756348.904,757543,177,24.48022599,202.0056497,0.129943503,304498.4802,2.463276836,67.03389831,26.78531073,2.101694915,1690369.475,90.71751412,3.60E+08,182890.7006,117397.1525,application_1564825408364_3531,1556931
2252.734463,9.69E+08,7.14E+09,5128944.972,8722792.972,0,0,16.72316384,5920582.209,726968,177,59.44067797,202.2429379,0.163841808,304498.4802,2.463276836,43.40112994,52.08474576,14.83050847,3321133.944,90.79096045,3.48E+08,182890.8418,117397.2316,application_1564825408364_3623,1306602
6368.920904,1.09E+09,7.14E+09,5134639.322,8722792.972,3619290.395,4039774.87,42.30508475,8261246.379,731285,177,153.5423729,202.2711864,0.344632768,304498.4802,2.468926554,78.29378531,16.49152542,234.9548023,4523755.684,90.76271186,1.54E+09,182890.8418,117397.2373,application_1564825408364_3676,1758640
1463.887006,1.06E+09,7.14E+09,2173145.486,3608590.141,0,0,15.21468927,5511867.458,757408,177,71.7740113,202.6836158,0.118644068,304498.4802,2.468926554,41.92090395,51.91525424,11.8079096,1383153.791,90.83615819,2.86E+08,182890.8418,117397.2316,application_1564825408364_3735,1096949
933.1073446,6.68E+08,7.14E+09,2109260.571,3471012.243,0,0,6.451977401,3985651.701,756161,177,21.29378531,202.700565,0.079096045,304498.4802,2.468926554,43.79661017,50.19774011,2.09039548,1429726.418,90.78531073,1.75E+08,182890.8418,117397.2373,application_1564825408364_3780,2281402
9929.841808,1.08E+09,7.14E+09,5107147.367,8722194.983,0,0,35.07344633,8477963.661,728154,177,235.6779661,202.2824859,0.338983051,304496.0678,2.468926554,79.29378531,16.5480226,106.0960452,4601213.243,90.74011299,1.50E+09,182877.9548,117391.4181,application_1564825408364_3856,1887894
2966.841808,1.08E+09,7.14E+09,5124048.859,8722572.497,3963632.09,1436654.277,26.76836158,6861874.729,730304,177,42.33333333,201.9943503,0.203389831,304495.3559,2.463276836,67.9039548,26.55367232,6.644067797,4308113.627,90.74011299,9.23E+08,182885.5424,117392.7853,application_1564825408364_3934,1716699
34443.73446,1.11E+09,7.14E+09,2030388.859,3417533.034,0,0,121.4632768,1.06E+07,759127,177,3454.485876,202.8870056,0.322033898,304497.9322,2.474576271,87.75141243,6.016949153,596.5141243,1960696.056,90.71186441,6.13E+09,182890.2486,117397.2429,application_1564825408364_4046,3229999
1280.841808,7.59E+08,7.14E+09,2050190.768,3427672.469,3047609.13,3336389.085,14.74011299,5381047.096,728835,177,42.78531073,202.7288136,0.18079096,304497.9661,2.468926554,43.59887006,50.88135593,4.762711864,1329964.271,90.78531073,2.30E+08,182888.7119,117397.3277,application_1564825408364_4211,1426709
5626.141243,1.06E+09,7.14E+09,5072454.531,8722792.972,0,0,27.29378531,6253726.068,757453,177,235.5932203,202.8587571,0.163841808,304498.4802,2.474576271,66.11864407,28.95480226,53.30508475,4271205.785,90.70056497,1.02E+09,182890.8418,117397.2429,application_1564825408364_4285,1602317
1124.717514,6.57E+08,7.14E+09,5188830.079,8722792.972,1803165.65,1879411.684,7.525423729,4128967.52,757301,177,19.84180791,202.6949153,0.101694915,304498.4802,2.468926554,46.73446328,50.10169492,5.491525424,3439223.322,90.83615819,3.12E+08,182890.8418,117397.2373,application_1564825408364_4364,2013149
12552.71186,1.12E+09,7.14E+09,2044828.209,3333311.463,0,0,63.16384181,9463276.684,730949,177,400.1186441,202.2881356,0.903954802,304497.5819,2.468926554,81.37853107,13.3220339,76.61581921,1894521.542,90.74576271,1.56E+09,182889.3955,117397.8362,application_1564825408364_4458,1817833
3399.960452,9.86E+08,7.14E+09,5102818.192,8722699.91,616852.9718,575627.5932,14.3220339,6086127.356,756632,177,49.37853107,202.0169492,0.124293785,304497.4181,2.463276836,65.93785311,28.77966102,7.807909605,4201528.475,90.72316384,8.41E+08,182889.3446,117397.9096,application_1564825408364_4576,1776311
68344.37895,1.23E+09,8.62E+09,1971555.789,3811792.3,0,0,669.1157895,2.16E+07,756592,190,12740.49474,189.1157895,0.889473684,343658.1895,2.305263158,84.50526316,4.589473684,1371.773684,1928078.2,86.42105263,2.35E+10,213987.3947,119017.4211,application_1564825408364_4687,4808597
1486.19774,9.20E+08,7.14E+09,2123012.977,3470973.079,3762210.712,4190981.763,15.3220339,5679869.249,730635,177,47.20338983,202.7570621,0.203389831,304498.4802,2.468926554,45.00564972,50.89830508,3.581920904,1485198.153,90.8079096,2.12E+08,182890.8418,117397.2373,application_1564825408364_4881,1339930
17633.70056,1.08E+09,7.14E+09,5100370.124,8722689.853,0,0,51.25988701,7214419.164,757705,177,436.4632768,202.2881356,0.344632768,304495.5311,2.468926554,76.09039548,18.20903955,104.7288136,4506816.384,90.73446328,1.76E+09,182887.7627,117395.9435,application_1564825408364_4942,2382501
1193.372881,7.12E+08,7.14E+09,5148907.435,8722792.972,2828415.277,1023663.271,14.97175141,5292965.576,727238,177,30.50847458,202.6949153,0.084745763,304498.4802,2.468926554,44.07344633,51.31073446,4.937853107,3199388.316,90.78531073,3.58E+08,182890.8418,117397.2373,application_1564825408364_5075,1547869
3975.451977,1.11E+09,7.14E+09,2042185.627,3436241.644,0,0,33.3220339,6719116.729,758642,177,422.3389831,202.2316384,0.231638418,304498.4802,2.468926554,69.42372881,25.07344633,27.31073446,1732977.119,90.70056497,9.79E+08,182890.7684,117396.8023,application_1564825408364_5172,1287359
873.5536723,6.38E+08,7.14E+09,2056765.175,3338757.734,605004.6554,217360.0282,6.378531073,3992425.395,757355,177,18.05649718,202.7062147,0.09039548,304498.4802,2.468926554,44.79661017,50.98870056,1.915254237,1401592.531,90.77966102,1.55E+08,182889.9322,117396.8757,application_1564825408364_5255,2229225
4074.107345,1.05E+09,7.14E+09,5071740.542,8722792.972,0,0,24.71751412,7332605.74,729270,177,200.9491525,202.0451977,0.225988701,304498.4802,2.463276836,66.01694915,28.41242938,39.15819209,4145816.294,90.68926554,1.02E+09,182890.8418,117397.2316,application_1564825408364_5396,1577111
35075.36158,1.10E+09,7.14E+09,5077121.537,8726550.757,3572637.65,4015461.718,90.34463277,1.34E+07,730675,177,254.0677966,202.3163842,0.813559322,304494.209,2.468926554,88.05649718,7.11299435,4268.819209,4923701.311,90.70056497,5.55E+09,182870.8192,117385.4068,application_1564825408364_5438,4352319
1833.79096,1.10E+09,7.14E+09,2120374.994,3470947.627,0,0,14.6779661,5588755.966,757178,177,127.3446328,202.0112994,0.096045198,304498.4802,2.463276836,43.72881356,52.05649718,11.35028249,1422661.034,90.77966102,2.57E+08,182890.8418,117397.2316,application_1564825408364_5644,1173529
1542.988701,9.51E+08,7.14E+09,2104955,3470959.763,0,0,14.42937853,5952891.401,757037,177,64.89830508,202.2146893,0.124293785,304498.4802,2.468926554,65.00564972,27.56497175,2.451977401,1730209.424,90.72316384,4.18E+08,182890.8418,117397.2373,application_1564825408364_5695,1493635
1333.446328,9.82E+08,7.14E+09,5099378.847,8722761.153,0,0,17.15819209,5897020.565,729192,177,45.61581921,202.7118644,0.265536723,304498.4802,2.468926554,45.10169492,50.69491525,15.03389831,3282664.746,90.74576271,2.65E+08,182890.774,117397.2316,application_1564825408364_5772,1151714
1956.971751,9.94E+08,7.14E+09,5079550.983,8722792.972,237336.5876,76660.00565,19.23728814,8487701.226,757889,177,22.23728814,202.1977401,0.327683616,304498.4802,2.468926554,79.20338983,14.11864407,5.587570621,4628110.418,90.70621469,6.16E+08,182890.8418,117397.2373,application_1564825408364_5839,1504804
1281.672316,9.91E+08,7.14E+09,2049278.294,3335827.706,0,0,15.79661017,5863328,727620,177,59.46327684,202.6949153,0.129943503,304498.4802,2.468926554,46.96045198,49.7740113,8.338983051,1407971.333,90.77966102,1.93E+08,182890.1243,117393.678,application_1564825408364_5915,1220809
1799.350282,1.09E+09,7.14E+09,2052097.294,3437110.989,2828415.277,1038609.158,20.3220339,6564410.785,729573,177,49.86440678,202.1638418,0.146892655,304497.3842,2.468926554,66.3220339,27.77966102,3.796610169,1655269.706,90.72316384,5.13E+08,182879.1243,117389.2938,application_1564825408364_5994,1514066
3680.514124,1.02E+09,7.14E+09,5152483.367,8722792.972,0,0,15.47457627,5359320.429,756423,177,118.0056497,202.7175141,0.09039548,304498.4802,2.468926554,44.10734463,51.5819209,56.18644068,3458179.932,90.79661017,4.89E+08,182890.8418,117397.2373,application_1564825408364_6068,1393059
1067.033898,7.45E+08,7.14E+09,2063907.215,3469129.113,0,0,14.24293785,5354981.141,728845,177,37.46327684,202.6892655,0.13559322,304498.4802,2.468926554,42.40112994,51.25988701,4.966101695,1341490.842,90.7740113,2.21E+08,182890.8418,117397.2373,application_1564825408364_6147,1331634
39570.19774,1.13E+09,7.14E+09,5061653.175,8722152.339,6139279.186,5946856.136,900.0112994,9576214.887,762056,177,707.2881356,202.1412429,0.333333333,304491.5085,2.468926554,87.28248588,7.355932203,4205.847458,4879287.548,90.68926554,4.56E+09,182874.1864,117387.9266,application_1564825408364_6198,4021733
991.4463277,6.11E+08,7.14E+09,5135684.949,8722761.153,0,0,6.209039548,3903644.367,755353,177,7.655367232,202.7344633,0.084745763,304498.4802,2.468926554,42.08474576,53.37853107,2.231638418,3296494.147,90.78531073,2.29E+08,182890.774,117397.2316,application_1564825408364_6358,2225922
2509.39548,1.12E+09,7.14E+09,2095374.429,3441641.282,2147137.085,2306739.277,25.76271186,7103638.492,728547,177,71.7740113,202.1694915,0.118644068,304498.4802,2.463276836,66.00564972,27.2259887,9.474576271,1728330.441,90.72316384,6.88E+08,182890.8418,117397.2316,application_1564825408364_6457,1266056
790.4632768,6.28E+08,7.14E+09,2079333.531,3366571.288,0,0,6.13559322,3823782.621,755394,177,5.322033898,202.7231638,0.062146893,304498.4802,2.468926554,49.50282486,48.57062147,1.282485876,1390398.249,90.8079096,9.98E+07,182890.8362,117397.1808,application_1564825408364_6514,2661753
5197.474576,1.09E+09,7.14E+09,5136308.271,8722792.972,2621069.74,789499.7458,32.89830508,8196909.684,731452,177,164.8135593,202.7627119,0.542372881,304498.4802,2.474576271,76.26553672,18.80225989,147.0621469,4525814.215,90.7740113,1.51E+09,182890.8418,117397.2429,application_1564825408364_6628,1812794
1089.971751,6.41E+08,7.14E+09,5135540.927,8722792.972,0,0,12.97740113,5063803.401,726860,177,14.66101695,202.8531073,0.192090395,304498.4802,2.468926554,43.18079096,52.26553672,6.587570621,3265030.35,90.78531073,3.22E+08,182890.8418,117397.2373,application_1564825408364_6705,1628640
2851.293785,1.18E+09,7.14E+09,2113788.492,3470950.644,3601517.921,1364190.497,30.56497175,6402397.475,758889,177,227.8079096,202.1129944,0.192090395,304498.4802,2.463276836,70.40677966,26.1299435,16.74576271,1826010.232,90.73446328,5.83E+08,182890.8418,117398.2655,application_1564825408364_6791,1124235
16055.81921,1.10E+09,7.14E+09,2028130.655,3321597.644,0,0,46.61016949,1.04E+07,758897,177,330.9661017,202.3276836,0.378531073,304498.4802,2.468926554,87.54237288,7.169491525,760.7118644,1945763.751,90.71751412,1.99E+09,182890.8418,117397.2373,application_1564825408364_6854,2488998
12102.19209,1.08E+09,7.14E+09,5136984.497,8721605.582,2733628.746,2996052.316,34.49152542,7039820.768,730248,177,96.22033898,202.0338983,0.271186441,304493.565,2.463276836,67.37853107,28.17514124,197.4858757,4284057.22,90.76271186,1.29E+09,182873.0282,117376.1808,application_1564825408364_6971,2506834
6483.853107,1.07E+09,7.14E+09,5115692.271,8722723.028,0,0,28.20903955,8267167.192,727743,177,109.4971751,202.1242938,0.220338983,304497.7571,2.468926554,75.18644068,18.33898305,28.40677966,4518018.486,90.74576271,1.53E+09,182890,117397.2316,application_1564825408364_7051,1821202
3518.649718,1.14E+09,7.14E+09,2112678.842,3471087.525,0,0,34.5480226,9294109.797,730944,177,297.5028249,202.7966102,0.638418079,304498.4802,2.474576271,80.51977401,12.74011299,54.13559322,1936824.757,90.72881356,1.09E+09,182892.2542,117399.7627,application_1564825408364_7119,1377787
1642.508475,1.07E+09,7.14E+09,5121350.554,8722792.972,3744438.237,1372234.356,15.19774011,5361831.102,758202,177,54.01129944,202.6214689,0.084745763,304498.4802,2.468926554,46.54237288,50.29378531,12.14124294,3445158.35,90.7740113,4.35E+08,182890.8418,117397.2373,application_1564825408364_7215,1270663
1560.858757,7.24E+08,7.14E+09,5108253.13,8722792.972,0,0,12.4180791,5946451.085,755949,177,13.30508475,202.1525424,0.118644068,304498.4802,2.463276836,65.5480226,28.2259887,4.401129944,4211164.768,90.72881356,5.67E+08,182890.8418,117397.2316,application_1564825408364_7288,1670979
1342.627119,1.05E+09,7.14E+09,2097163.638,3470982.045,2940974.282,1023531.96,16.05649718,5726956.814,728438,177,53.85310734,202.7627119,0.152542373,304498.4802,2.468926554,46.01129944,49.97175141,5.915254237,1409502.955,90.73446328,1.84E+08,182890.6384,117397.1469,application_1564825408364_7377,1347617
2621.446328,9.87E+08,7.14E+09,5093809.492,8722667.412,0,0,16.71186441,7341528.299,756905,177,26.97175141,202.0847458,0.203389831,304496.4181,2.463276836,75.50282486,18.07344633,9.02259887,4540701.446,90.72316384,7.63E+08,182888.8192,117397.9435,application_1564825408364_7485,1713200
1343.305085,1.04E+09,7.14E+09,2292293.836,3754872.322,2988367.548,1028942.751,16.88700565,5778327.288,730261,177,46.43502825,202.7627119,0.231638418,304498.4802,2.468926554,42.51412429,53.14124294,5.463276836,1485645.192,90.85875706,2.21E+08,182890.8418,117397.2373,application_1564825408364_7532,1230928
47192.44068,1.11E+09,7.14E+09,2030051.746,3428647.232,0,0,142.6440678,1.51E+07,730296,177,1219.915254,202.079096,1.700564972,304498.4802,2.468926554,88.61016949,5.02259887,971.0734463,1979852.616,90.6779661,1.08E+10,182890.8418,117397.2373,application_1564825408364_7594,4378326
15172.09302,1.53E+09,2.91E+09,2130818.419,1.07E+07,2784082.116,788158.4186,65.72093023,1.03E+07,138133,43,744.8837209,397.2790698,0.465116279,507857.2093,2.348837209,27.30232558,9.302325581,192.0930233,1792968.837,31.51162791,1.45E+09,215368.4884,35681.39535,application_1564825408364_7812,1977935
4735.542373,1.04E+09,7.14E+09,5141338.237,8722792.972,0,0,24.18644068,7022151.322,729333,177,92.49152542,202.8926554,0.288135593,304498.4802,2.474576271,66.07909605,27.74576271,34,4161651.571,90.7740113,9.90E+08,182890.8418,117397.2429,application_1564825408364_7901,1806463
1642.830508,1.15E+09,7.14E+09,2117618.842,3470824.864,3714817.446,4059199.232,15.27683616,5676748.559,758280,177,85.04519774,202.7740113,0.09039548,304497.9322,2.468926554,45.66666667,50.75706215,9.011299435,1368312.412,90.81355932,3.00E+08,182878.7627,117383.5424,application_1564825408364_7954,1176888
2826.19774,1.12E+09,7.14E+09,2100462.401,3470980.921,0,0,23.18079096,7928477.808,758084,177,172.9039548,202.8870056,0.197740113,304498.4802,2.474576271,76.70056497,16.9039548,18.59322034,1872952.271,90.74011299,8.57E+08,182890.6328,117397.6949,application_1564825408364_8024,1420903
1472.282486,1.03E+09,7.14E+09,5120189.65,8722792.972,2828415.277,3102742.486,18.27683616,5798471.605,727903,177,59.82485876,202.6949153,0.141242938,304498.4802,2.468926554,41.83615819,51.85310734,7.988700565,3211972.362,90.76836158,2.96E+08,182890.8418,117397.2373,application_1564825408364_8084,1254214
1107.508475,6.48E+08,7.14E+09,5173352.068,8722768.927,0,0,13.00564972,5159513.328,728561,177,17.07344633,202.6779661,0.225988701,304497.9661,2.468926554,46.53672316,50.32768362,7.762711864,3492878.215,90.81920904,2.97E+08,182890.1808,117397.113,application_1564825408364_8122,1613712
3057.118644,1.15E+09,7.14E+09,2024279.977,3410206.853,5222885.966,2094815.288,21.1299435,6445032.04,761117,177,216.5141243,202.0451977,0.18079096,304498.4802,2.463276836,65.41242938,28.75706215,13.41242938,1665241.469,90.69491525,8.18E+08,182890.8418,117397.2316,application_1564825408364_8188,1391352
811.6101695,6.32E+08,7.14E+09,2048668.508,3320303.266,0,0,5.717514124,3942233.734,755437,177,4.689265537,202.0508475,0.09039548,304498.4802,2.463276836,45.10734463,50.68926554,0.988700565,1376403.271,90.77966102,1.10E+08,182890.8418,117397.2316,application_1564825408364_8262,2819256
1244.169492,6.38E+08,7.14E+09,5128597.989,8722792.972,0,0,7.033898305,3993639.983,755569,177,9.796610169,202.7062147,0.073446328,304498.4802,2.468926554,49.1920904,48.49717514,4.418079096,3542519.797,90.78531073,3.44E+08,182890.8418,117397.2373,application_1564825408364_8592,1840521
2718.214689,1.16E+09,7.14E+09,2108449.119,3468770.819,2881732.701,3068319.571,26.45762712,7157019.61,730668,177,168.7231638,202.0903955,0.327683616,304490.2373,2.463276836,67.1299435,28.83050847,8.796610169,1747762.379,90.70056497,7.29E+08,182874.6215,117388.6893,application_1564825408364_8670,1386954
1096.39548,7.67E+08,7.14E+09,2057102.864,3426917.503,0,0,14.42372881,5572303.718,727427,177,51.80225989,202.700565,0.11299435,304498.4802,2.468926554,40.94915254,53.14124294,2.655367232,1293450.113,90.79661017,2.02E+08,182890.1977,117396.9605,application_1564825408364_8709,1363807
29079.14124,1.14E+09,7.14E+09,5072316.768,8722792.972,3637803.39,4030910.192,183.6327684,8333548.887,759508,177,283.3954802,202.9265537,0.514124294,304498.4802,2.474576271,79.91525424,13.61581921,2346.435028,4693741.379,90.70056497,3.74E+09,182890.8418,117397.2429,application_1564825408364_8791,3302766
964.1525424,6.24E+08,7.14E+09,5099411.254,8722792.972,0,0,6.581920904,4155289.48,756420,177,15.11299435,202.7062147,0.04519774,304498.4802,2.468926554,44.57627119,51.1920904,2.418079096,3262825.808,90.74576271,2.42E+08,182890.8418,117397.2373,application_1564825408364_8955,2284382
6149.214689,1.16E+09,7.14E+09,2455316.051,4175874.582,0,0,40.51412429,8426528.593,729318,177,269.2824859,202.2768362,0.514124294,304497.7684,2.468926554,78.48022599,17.63841808,36.20338983,2262338.316,90.71751412,1.01E+09,182889.6836,117398.226,application_1564825408364_9049,1343838
2018.870056,1.12E+09,7.14E+09,2072364.955,3373286.525,2715856.271,2990694.599,22.19774011,7285694.944,730679,177,49.93785311,202.7627119,0.338983051,304498.4802,2.468926554,67.89265537,26.54237288,5.548022599,1680740.723,90.74576271,6.33E+08,182891.5028,117398.0565,application_1564825408364_9140,1506095
9912.523316,1.36E+09,9.56E+09,4439652.394,1.07E+07,348393.4508,131449.285,141.5699482,1.13E+07,741254,193,651.1036269,139.1554404,0.357512953,377309.8394,1.466321244,68.15025907,14.66321244,51.53367876,4010827.026,77.41450777,2.94E+09,241644.5233,97614.02591,application_1564825408364_9216,1653429
